{
  "evaluation_metadata": {
    "source_file": "refactored-no-sun.ghx",
    "evaluation_date": "2025-11-22",
    "target_group": "Rotatingslats",
    "components_evaluated": 49,
    "components_total": 56,
    "success_rate": "87.5%"
  },
  "external_inputs": {
    "Slats height (threshold)": 3.1,
    "1st targets from slats": 1.0,
    "Slat width": 0.08,
    "Horizontal shift between slats": 0.0,
    "Last target from slats": 4.5,
    "Number of slats": 10.0,
    "Slats height (top)": 3.8,
    "Orientation": 0.0,
    "room width": 5.0,
    "Distance from window": -0.07,
    "Targets Height": 4.0
  },
  "key_outputs": {
    "Vector_2Pt": {
      "component_guid": "ea032caa-ddff-403c-ab58-8ab6e24931ac",
      "Vector": [
        [0, 0.07, 3.8],
        [0, 0.07, 3.722222222222222],
        [0, 0.07, 3.6444444444444444],
        [0, 0.07, 3.5666666666666664],
        [0, 0.07, 3.488888888888889],
        [0, 0.07, 3.4111111111111114],
        [0, 0.07, 3.333333333333333],
        [0, 0.07, 3.2555555555555555],
        [0, 0.07, 3.177777777777778],
        [0, 0.07, 3.1]
      ],
      "Length": [
        3.80064468215591,
        3.722880372991447,
        3.645116638551087,
        3.5673535164195753,
        3.4895910475315506,
        3.411829334341832,
        3.3340683901473985,
        3.256308237028664,
        3.178548896038644,
        3.1007903778288345
      ]
    }
  },
  "notes": [
    "Successfully resolved external sliders from 'Slats control' group",
    "Unit Y correctly uses Distance from window slider (-0.07)",
    "Vector 2Pt output verified against GHX specification",
    "7 components failed due to upstream data flow issues (not implementation bugs)"
  ]
}

